Name,Category,Loaction,Phone,Email,Website,Linkedin
Cedars Sinai Marina Del Rey Hospital,General Medical and Surgical Hospitals,"Marina Del Rey, CA",(310) 823-8911,info@marinahospital.com,http://www.marinahospital.com,https://www.linkedin.com/company/marina-del-rey-hospital/
Children's Hospital Boston,Specialty (except Psychiatric and Substance Abuse) Hospitals,"Boston, MA",617-355-6000,N/A,http://www.childrenshospital.org/,http://www.linkedin.com/company/children's-hospital-boston
Children's Minnesota Hospital - Minneapolis,Hospitals,"Minneapolis, MN",612-813-6000,childrensmn@gmail.com,https://www.childrensmn.org/locations/minneapolis/?utm_source=local%20seo&utm_medium=local%20citation&utm_campaign=minneapolis%20hospital,https://www.linkedin.com/company/children%27s-minnesota
The Karen Hospital,Hospitals,"Nairobi, Kenya",N/A,karenhospitalskenya@gmail.com,http://www.karenhospital.org/,https://www.linkedin.com/company/the-karen-hospital
Star Hospitals,Hospitals,Add Current Location,910-091-1911,pankajinfinityspark@gmail.com,https://starhospitals.in/,https://www.linkedin.com/company/star-hospitals-banjara-hills/?viewAsMember=true
Good Samaritan Hospital,General Medical and Surgical Hospitals,"San Jose, CA",408-559-2011,N/A,http://www.goodsamsanjose.com,
Weiss Memorial Hospital,Hospitals,"Chicago, IL",773-878-8700,N/A,https://www.weisshospital.com/,https://www.linkedin.com/company/weiss-memorial-hospital/
Gibraltar Veterinary Hospital,Veterinary Services,"Rockwood, MI",734-675-5020,info@gibraltarvet.com,http://www.gibraltarvet.com/,
Elite Hospital,General Medical and Surgical Hospitals,bangalore,843-192-2016,elitecarehospital@gmail.com,https://elitecarehospital.com,
Kokilaben Hospital,General Medical and Surgical Hospitals,Mumbai,0-223-099-9999,N/A,http://www.kokilabenhospital.com/,https://www.linkedin.com/company/kokilaben-dhirubhai-ambani-hospital/
CK Birla Hospital,Hospitals,Gurgaon,0-124-488-2200,reachus@ckbhospital.com,https://www.ckbhospital.com/,https://www.linkedin.com/company/ck-birla-healthcare-pvt-ltd/
Saraswati Multispeciality Hospital,Hospitals,Ahmedabad,982-544-5403,info@saraswatihospitals.com,http://www.saraswatihospitals.com/,https://www.linkedin.com/company/saraswati-hospital-ahmedabad/
Lister Hospitals,Hospitals,Marthandam,737-300-5500,info@listerhospitals.com,https://www.listerhospitals.com/,https://www.linkedin.com/company/listerhospitals/
Prakash Hospital,Hospitals,Noida,882-600-0033,prakashhospital@gmail.com,https://prakashhospitals.in/,
Primus Super Speciality Hospital,Hospitals,New Delhi,N/A,prashant.ahauja19@gmail.com,http://www.primushospital.com,https://in.linkedin.com/company/primus-super-speciality-hospital
Medaz Hospital,Hospitals,Add Current Location,911-750-0500,care@medazhospital.com,https://www.medazhospital.com/,https://www.linkedin.com/company/medaz-hospital
Rutherford Animal Hospital,Veterinary Services,"Rutherford, NJ",201-933-4111,Socialrah3@gmail.com,http://www.raho.com/,
MaxCure Hospitals-Karimnagar,Hospitals,Karimnagar,733-726-6677,info@maxcurehospitals.com,https://www.maxcurehospitals.com/karimnagar,https://www.linkedin.com/company/maxcure-hospitals
Hwy 401 Warden Pet Hospital,Pet Care (except Veterinary) Services,Ontario,416-291-7387,401wardenpet.social@gmail.com,http://www.401wardenpet.com/,
Noble Hospital Pune,Hospitals,Add Current Location,800-700-6611,care@noblehospitalspune.com,https://www.noblehospitalspune.com,https://www.linkedin.com/company/noble-hospital-pune/
Nidhi Multispeciality Hospital,Hospitals,Add Current Location,989-874-2121,nidhihospital2011@gmail.com,https://www.nidhihospital.org/,https://www.linkedin.com/company/nidhi-hospital
JAYPEE HOSPITAL,Hospitals,Noida,N/A,askus@jaypeehealthcare.com,http://www.jaypeehealthcare.com,
NU Hospitals,Hospitals,Bangalore,0-804-669-9999,care@nuhospitals.com,https://nuhospitals.com/,
Central Hospital,Hospitals,Bhopal,0-755-254-0071,info@centralhospital.co.in,http://centralhospital.co.in/,
Javon Bea Hospital–Rockton,Hospitals,"Rockford, IL",(815) 971-5000,N/A,https://mercyhealthsystem.org/location/javon-bea-hospital-rockton/,https://www.linkedin.com/company/mercy-health-system/mycompany/?viewAsMember=true
Shalby Multi-specialty Hospitals,General Medical and Surgical Hospitals,Ahemdabad,N/A,info@shalby.org,https://www.shalby.org/,https://www.linkedin.com/company/shalby-hospital
Sky Canyon Animal Hospital,Hospitals,"Murrieta, CA",951-461-4100,skycanyonvet@gmail.com,http://skycanyonanimalhospital.com,
Mercyhealth Hospital and Medical Center–Harvard,Hospitals,"Harvard, IL",(815) 943-5431,N/A,https://mercyhealthsystem.org/location/mercyhealth-harvard-hospital-and-medical-center-campus/,https://www.linkedin.com/company/mercy-health-system/mycompany/?viewAsMember=true
Hospital Bed Rental Inc,"Medical, Dental, and Hospital Equipment and Supplies Merchant Wholesalers",Toronto,416-254-7179,info@hospitalbedrent.com,https://hospitalbedrent.com/,https://www.linkedin.com/company/hospital-bed-rental-inc/
Memorial Hospital,Hospitals,Sonipat,N/A,N/A,http://memorialhospitalsonipat.com/,https://www.linkedin.com/company/memorial-hospital-sonipat
RG Stone Urology and Laparoscopy Hospital,Hospitals,"New Delhi, Delhi",0-117-105-6000,info@rghospital.com,http://www.rghospitals.com/,
Dhanwantari Health Care Hospital,Hospitals,"Bhiwandi, Maharashtra",959-475-6822,Dhanwantarihospital.official@gmail.com,http://dhanwantarihealthcarehospital.com/,https://www.linkedin.com/company/dhanwantari-health-care-hospital/
Javon Bea Hospital–Riverside,Hospitals,"Rockford, IL",(815) 971-7000,N/A,https://mercyhealthsystem.org/location/javon-bea-hospital-riverside/,https://www.linkedin.com/company/mercy-health-system/mycompany/?viewAsMember=true
Rotary Eye Care Hospital,Specialty (except Psychiatric and Substance Abuse) Hospitals,Indore,0-731-498-9609,anusankle@gmail.com,http://www.rotaryeyecarehospital.org,https://www.linkedin.com/in/rotary-eyecare-hospital-6b0279190/
KIMS Dermatology Hospital Trivandrum | Skin Specialists in Trivandrum,Hospitals,Trivandrum,471-294-1318,relations@kimsglobal.com,https://www.kimshealth.org/trivandrum/specialities/dermatology-cosmetology/,https://www.linkedin.com/company/1699107/
Astra Specialty Hospital,Specialty (except Psychiatric and Substance Abuse) Hospitals,Chennai,967-731-1333,astrahospital@gmail.com,https://astrahospital.com/speciality/,
Mercyhealth Hospital and Trauma Center–Janesville,Hospitals,"Janesville, WI",(608) 756-6000,N/A,https://mercyhealthsystem.org/location/mercyhealth-hospital-and-trauma-center-janesville/,https://www.linkedin.com/company/mercy-health-system/mycompany/?viewAsMember=true
Best Oncologist Lilavati hospital Mumbai,Hospitals,"Syracuse, NY",937-177-0341,dr.pjagannath@indiacancersurgerysite.com,https://www.indiacancersurgerysite.com/consult-dr-p-jagannath-best-surgical-oncologist-lilavati-hospital-mumbai-india.html,https://www.linkedin.com/in/indiacancersurgerysite/
Best Pediatric oncologist fortis hospital delhi,Hospitals,"Syracuse, NY",937-177-0341,drvikasdua@indiacancersurgerysite.com,https://www.indiacancersurgerysite.com/dr-vikas-dua-pediatric-oncologist-fortis-hospital-delhi.html,https://www.linkedin.com/in/indiacancersurgerysite/
Saline Memorial Hospital,General Medical and Surgical Hospitals,"Benton, AR",501-776-6000,N/A,http://www.salinememorial.org/,
Newport Harbor Animal Hospital,Veterinary Services,"Costa Mesa, CA",(949) 631-2211,doctors@newportharborvets.com,http://www.newportharborvets.com/,
Longmont United Hospital,Hospitals,"Longmont, CO",(303) 651-5111,N/A,http://www.luhcares.org/,
Memorial Hospital Of Gardena,General Medical and Surgical Hospitals,"Gardena, CA",(310) 532-4200,N/A,https://www.memorialhospitalgardena.com/,https://www.linkedin.com/company/memorial-hospital-of-gardena/
Metro Group of Hospitals,Specialty (except Psychiatric and Substance Abuse) Hospitals,Add Current Location,N/A,metro@metrohospitals.com,http://www.metrohospitals.com/,https://www.linkedin.com/in/metrohospitals
Portage Park Animal Hospital & Dental Clinic,Veterinary Services,"Chicago, IL",(773) 725-0260,kfitzpatrick@portagepark.com,https://www.portagepark.com,
The Scarborough Hospital Foundation,Health and Welfare Funds,Toronto,416-431-8130,foundation@tsh.to,http://srhfoundation.ca,http://www.linkedin.com/company/the-scarborough-hospital
Renova Hospitals || Best Multispeciality Hospital In Hyderabad,Hospitals,Hyderabad,991-234-1701,info@renovahospitals.com,https://renovahospitals.com/?utm_source=Seo&utm_medium=organic,
Dublin Animal Hospital,Veterinary Services,"Colorado Springs, CO",(719) 593-1336,dahospital@msn.com,http://www.dublinanimalhospital.com/,
Welcare Hospital Beds,Orthopedic Sports Medicine,"Bronx, NY",(347) 761-3798,N/A,http://www.welcaresupply.com/beds,https://www.linkedin.com/in/welcare-hospital-beds-762485167/
Kenia Eye Hospital,Specialty (except Psychiatric and Substance Abuse) Hospitals,Mumbai,0-222-614-4013,info@keniaeyehospital.com,https://keniaeyehospital.com,https://www.linkedin.com/company/kenia-eye-hospital---santacruz-mumbai/
Amor Hospitals,Hospitals,"Hyderabad, TS",N/A,info@amorhospitals.com,https://amorhospitals.com/?utm_source=Organic&utm_medium=Seo,
Loyalsock Animal Hospital,Veterinary Services,"Williamsport, PA",(570) 326-1709,N/A,https://loyalsockanimal.net/,
Houston Physicians' Hospital,Hospitals,"Webster, TX",(281) 557-5620,info@hphtx.org,https://www.houstonphysicianshospital.com/,
Chandigarh City Hospital,Hospitals,Chandigarh,172-404-6061,contactuschdcityhospital@gmail.com,http://chandigarhcityhospital.com,https://www.linkedin.com/in/chandigarh-city-532488189/
"DPU Hospital - Multispecialty Hospital in Pimpri-Chinchwad, Pune",Hospitals,"Pune, ID",N/A,info@dpuhospital.com,https://dpuhospital.com/,https://www.linkedin.com/company/dpu-hospital-pune
Bharti Eye Hospital,Hospitals,New Delhi,0-112-923-0000,info@bhartieye.com,https://www.bhartieye.com,https://in.linkedin.com/company/bharti-eye-hospital
Orthopedic hospital in Hyderabad - Udai Omni Hospital,Orthopedic Surgery,Hyderabad,N/A,info@udaiomni.com,http://Orthopedic hospital in Hyderabad - Udai Omni Hospitalhttps://udaiomni.com/?utm_source=Organic&utm_medium=Seo,https://www.linkedin.com/company/udai-clinic---centre-for-advanced-orthopaedics-and-trauma
Apollo Hospitals Mumbai,General Medical and Surgical Hospitals,Mumbai,N/A,info@apollohospitals.com,https://mumbai.apollohospitals.com/,https://www.linkedin.com/company/apollo-hospitals-navimumbai
Psri Hospital,Hospitals,New Delhi,0-958-226-1515,psrihospital2022@gmail.com,https://psrihospital.com/,https://www.linkedin.com/company/psri-hospital/
Aarogya : Hospital Management Software,Software development software,Kanpur,941-540-6213,sales@datamannet.com,https://hospital-software.dataman.in,https://www.linkedin.com/company/aarogyahospitalmanagementsoftware
Devadoss Multispeciality Hospital - Best Children hospital,Hospitals,Madurai,0-452-452-1000,dmh@devadosshospitals.in,https://www.devadosshospitals.com/specialities/pediatrics-neonatology/,https://www.linkedin.com/in/Devadosshospital/
Vikram ENT Hospital,Hospitals,Coimbatore,0-422-255-0633,vikramenthospita1@gmail.com,http://www.vikramenthospital.com/,https://www.linkedin.com/company/vikram-ent-hospital
Sadbhavna Hospital,Hospitals,Fatehabad,967-103-5725,dramitahuja83@gmail.com,http://www.sadbhavnahospitalfatehabad.com/,
Apex Wellness Hospital,General Medical and Surgical Hospitals,Add Current Location,960-777-5353,apex.wellnesshospital@gmail.com,https://www.apexwellnesshospital.com/,
"Max Super Speciality Hospital, Shalimar Bagh",General Medical and Surgical Hospitals,New Delhi,116-600-0000,wecare@maxhealthcare.com,https://www.maxhealthcare.in,
Montana Veterinary Hospital & Boarding,Veterinary Services,"Bozeman, MT",(406) 586-2019,mtvet@live.com,http://www.montanavets.com/,
FMS Dental Hospital,Dental Offices (Dentist),Hyderabad,888-506-0770,info@fmsdental.com,https://www.fmsdental.com/,https://in.linkedin.com/company/fms-dental-hospitals
Cardiology Surgery Hospital India Pvt. Ltd.,Home Health Care Services,Nagpur,N/A,enquiry@cardiologysurgeryhospitalindia.com,http://www.cardiologysurgeryhospitalindia.com,https://www.linkedin.com/company/cardiology-surgery-hospital-india
"Max Super Speciality Hospital, Patparganj",Health Care and Social Assistance,New Delhi,114-303-3333,wecare@maxhealthcare.com,https://www.maxhealthcare.in/hospital-network/max-super-speciality-hospital-patparganj,
East Los Angeles Doctors Hospital,Hospitals,"Los Angeles, CA",(323) 268-5514,N/A,,https://www.linkedin.com/company/east-los-angeles-doctors-hospital/
Sparsh Children Hospital,Pediatrics,Surat,N/A,sparshclinicsurat@gmail.com,https://sparshchildrenhospitals.com,https://www.linkedin.com/company/sparsh-children-hospital-nicu
Marie Stopes Hospital and Maternity Uganda,General Medical and Surgical Hospitals,Kampala,080-022-0333,Msiuchoices@gmail.com,http://www.mariestopes.or.ug,
Vascular Surgery Hospital in Madurai | Vascular Surgeon in India - Devadoss Hospital,Hospitals,Madurai,452-452-1029,dmh@devadosshospitals.in,https://www.devadosshospitals.com/specialities/vascular-surgery/,
MedPark Hospital,Hospitals,Bangkok,N/A,inquiry@medparkhospital.com,https://www.medparkhospital.com/,
Weymouth Street Hospital,Hospitals,"Marylebone, London",0-207-935-1200,appointments@phoenixhospitalgroup.com,http://www.weymouthstreethospital.com/,https://www.linkedin.com/company/phoenix-hospital-group/
VPS Lakeshore Hospital,General Medical and Surgical Hospitals,Kochi,N/A,info@lakeshorehospital.com,https://www.vpslakeshorehospital.com/,https://www.linkedin.com/company/vps-lakeshore/
Phoenix Hospital Chelmsford,General Medical and Surgical Hospitals,"Chelmsford, Essex",0-124-580-1234,Priya.patel@phoenixhospitalgroup.com,https://phoenixhospitalchelmsford.com/,https://www.linkedin.com/company/phoenix-hospital-group/
Sunflower Women's Hospital,Hospitals,"Ahmedabad, Gujarat",968-760-7355,info@sunflowerhospital.in,https://www.sunflowerhospital.in/,https://in.linkedin.com/company/sunflowerhospital
Vic West Pet Hospital | Pet Hospital in Victoria,Animal Services,"Victoria, BC",778-265-4500,vicwestpet@gmail.com,https://www.vicwestpethospital.com/,
Grecian Multi Specialty Hospital,General Medical and Surgical Hospitals,Mohali,628-370-5192,grecianhospital7@gmail.com,https://www.grecianhospital.com/,https://www.linkedin.com/company/greciansuperspecialtyhospital/about/
Parkside Animal Hospital,Hospitals,North Bay. ON,705-223-3404,N/A,http://www.parksidevet.ca,
Arohi Eye Hospital,Hospitals,Mumbai,0-982-011-1315,contact@arohieye.in,https://www.arohieye.in/,https://www.linkedin.com/company/arohieye/
American Hospital Dubai,General Medical and Surgical Hospitals,Dubai,N/A,americanhospdubai@gmail.com,http://www.ahdubai.com/en/,https://www.linkedin.com/company-beta/110572/
Dhanvantari Hospital,Hospitals,Mumbai,0-222-833-8378,Info@dhanvantarihospitals.com,https://dhanvantarihospitals.com,https://www.linkedin.com/in/dhanvantari-hospital-borivali-a2b4751a2/
Arias Hospital,Hospitals,Nashik,911-223-3997,N/A,https://www.ariashospital.com/,
Mission Gastro Hospital,Hospitals,Ahmedabad,792-971-0071,missiongastrohospital04@gmail.com,https://missiongastrohospital.com,https://www.linkedin.com/company/mission-gastro-hospital/
3D Vision Eye Hospital,Hospitals,Add Current Location,805-803-4567,3dvisioneyehospitaljpr@gmail.com,https://3dvisioneyehospital.com/,
Cancer treatment Centre: Renkang Hospital,Hospitals,Dongguan,203-761-1008,admin@cancertherapies.cc,http://www.cancertherapies.cc,https://www.linkedin.com/company/cancertherapies
South Sacramento Pet Hospital,Veterinary Services,"Sacramento, CA",N/A,ssph@integra.net,https://www.southsacramentopethospital.com/site/home,
Shri Ram Singh Multispeciality Hospital,Health Care and Social Assistance,Noida,989-992-5183,care.shriramsinghhospital@gmail.com,http://www.shriramsinghhospital.com/,
South County Animal Hospital,Veterinary Services,"Greenwood, AR",(479) 996-6095,greenwoodveterinarians@gmail.com,http://www.scahonline.com,
Vishesh Jupiter Hospital Indore,Hospitals,Indore,731-471-8111,enquiry.indore@jupiterhospital.com,https://vishesh.jupiterhospital.com/,
Hurley Dog and Cat Hospital,Animal Services,"Detroit, MI",313-863-5350,hurleydogandcathospital@gmail.com,http://hurleydogandcathospital.com,
Frederick Health Hospital,Hospitals,"Frederick, MD",240-566-3300,N/A,https://frederickhealth.org/,https://www.linkedin.com/company/frederick-memorial-hospital
"Max Super Speciality Hospital, Vaishali",General Medical and Surgical Hospitals,Ghaziabad,920-531-0346,int.query@maxhealthcare.com,https://maxhospitalindia.com/hospital/max-super-speciality-hospitalvaishali-delhi/,
Idaho Falls Community Hospital Emergency Room,Hospitals,"Idaho Falls, ID",(208) 528-1136,N/A,https://www.idahofallscommunityhospital.com/hospital-services/emergency-department/,https://www.linkedin.com/company/ifcommunity-hospital/
Devadoss Multispeciality Hospital,Hospitals,Madurai,452-452-1029,devadosshosp@gmail.com,https://www.devadosshospitals.com/health-checkup/,https://www.linkedin.com/in/Devadosshospital/
Devadoss Multispeciality Hospitals,Hospitals,Madurai,N/A,devadosshosp@gmail.com,https://www.devadosshospitals.com/specialities/diabetology/,https://www.linkedin.com/in/Devadosshospital/
Dhathri Ayurveda Hospital & Panchakarma Centre,Hospitals,Kayamkulam,0-812-922-5555,hospitals@dhathri.in,https://www.dhathriayurveda.com/,https://www.linkedin.com/company/dhathri-ayurveda-hospital-panchakarma-centre
Gargash Hospital,Hospitals,Dubai,N/A,info@gargashhospital.com,https://gargashhospital.com/,https://www.linkedin.com/company/gargash-hospital
Jagdamba Baby Care Centre - Children Hospital in Karnal,Hospitals,Karnal,931-547-1776,Jagdambababycarecentre@Gmail.Com,https://jagdambababycare.com/,
Apollomedics Super Speciality Hospitals,Hospitals,Add Current Location,0-522-678-8888,ask_us@apollohospitals.com,https://lucknow.apollohospitals.com,https://www.linkedin.com/in/apollomedics-hospitals-lucknow-57a848107/
Animal Hospital of Ivy Square,Veterinary Services,"Charlottesville, VA",N/A,N/A,https://animalhospitalofivysquare.com,
Dental Braces Hospital in Chandigarh-Dentalbhaji,"Medical, Dental, and Hospital Equipment and Supplies Merchant Wholesalers",S.A.S Nagar,981-203-1495,N/A,http://www.dentalbhaji.com/dental-braces-chandigarh/,https://in.linkedin.com/in/dentalbhaji
Clifton Ave Animal Hospital,Veterinary Services,"Clifton, NJ",N/A,N/A,http://www.cliftonaveanimalhospital.com/,
Goodlettsville Animal Hospital,Veterinary Services,"Goodlettsville, TN",(615) 859-1277,goodlettsvilleanimal@gmail.com,https://www.goodlettsvilleanimal.com/,
"Software for Clinics, Hospitals and Doctors",Hospitals,"Santa Clara, CA",N/A,info@mednetlabs.com,http://www.mednetlabs.com/home,https://www.linkedin.com/company/mednetlabs/
Smith Animal Hospital - Perry,Veterinary Services,"Perry, GA",N/A,smithanimalhospital@comsouth.net,https://www.smithanimalhospitalga.com/site/contact-animal-hospital-perry,
Riverside Animal Hospital,Veterinary Services,"Riverside, CA",N/A,N/A,https://www.riversideanimal.net/site/home,
Motherhood Women's & Child Care Hospital,Hospitals,Ahmedabad,990-499-6633,customercare@motherhoodhospital.com,http://www.motherhoodhospital.com,https://www.linkedin.com/in/motherhoodhospital/
Central Valley Animal Hospital,Veterinary Services,"Rainbow City, AL",N/A,webmaster@centralvalleyanimalhospital.com,https://www.centralvalleyanimalhospital.com/site/home,
"Max Super Speciality Hospital, Mohali",Hospitals,Mohali,N/A,int.query@maxhealthcare.com,https://maxhospitalindia.com/hospital/max-super-speciality-hospital-mohali/,
Mercyhealth Hospital and Medical Center–Walworth,Hospitals,"Lake Geneva, WI",(262) 245-0535,N/A,https://mercyhealthsystem.org/location/mercyhealth-walworth-hospital-and-medical-center-campus/,https://www.linkedin.com/company/mercy-health-system/mycompany/?viewAsMember=true
Cypress Fairhaven Animal Hospital,Veterinary Services,"Cypress, TX",(281) 256-8085,cypressfairhaven@yahoo.com,http://www.cypressfairhavenvet.com/,
River Grove Animal Hospital,Veterinary Services,Mississauga,905-495-9907,rivergroveanihospital.social@gmail.com,http://www.rivergroveanimalhospital.net/,
Grecian Super Speciality Hospital,Hospitals,"Mohali, IN",628-370-5192,grecianhospital999@gmail.com,https://www.grecianhospital.com,https://www.linkedin.com/in/grecian-hospital-4a49b6143/
Good Shepherd Specialty Hospital,Physical Medicine and Rehabilitation,"Bethlehem, PA",(484) 884-5000,N/A,http://www.goodshepherdrehab.org/location/specialty-hospital,
PROJESAN HOSPITAL FURNITURE CO,"Medical, Dental, and Hospital Equipment and Supplies Merchant Wholesalers","Haledon, NJ",(973) 265-6791,info@projesan.com.tr,http://www.projesan.com.tr,http://projesan@hotmail.com.tr
West Heights Veterinary Hospital,Veterinary Services,"Kitchener,Ontario",519-742-7387,N/A,http://www.westheightsvet.com/,
Ivy Hospital,Hospitals,Mohali,623-950-2002,ivyhospital999@gmail.com,http://Ivy Hospital,https://www.linkedin.com/company/ivy-hospital/?originalSubdomain=in
Ellenton Animal Hospital,Veterinary Services,"Parrish, FL",N/A,info@ellentonah.com,https://www.ellentonah.com/site/home,
Bruceville Pet Hospital,Veterinary Services,"Elk Grove, CA",N/A,info@petvetelkgrove.com,https://www.brucevilleph.com/site/home,
Kamal Multispecialty Hospital in Jalandhar,Hospitals,Jalandhar,987-696-0100,kamalmultispeciality@yahoo.com,https://www.kamalmultispeciality.com/,
All Bay Animal Hospital,Veterinary Services,"Concord, CA",N/A,allbayanimal@sbcglobal.net,https://www.allbayanimalhospital.com/site/home,
Best Price Lung Transplant Hospitals India,Health Care and Social Assistance,"Sykesville, PA",976-502-5331,info@indiaorgantransplant.com,https://www.indiaorgantransplant.com/lung-transplant-low-cost-best-hospitals-top-surgeons-india.php,https://www.linkedin.com/company/13685463/admin/
Dharamshila Hospital and Research Centre,Hospitals,New Delhi,N/A,contact@dhrc.in,http://www.cancerhospitalindia.com,http://in.linkedin.com/in/dharamshilacancerhospital
Mooresville Animal Hospital,Veterinary Services,"Mooresville, NC",N/A,mtclonin@gmail.com,https://www.mooresvilleanimalhospital.com/site/home,
"SCI IVF Hospital | Best IVF and Surrogacy Clinic in Delhi, India",Hospitals,Select a City,999-916-8746,sciivfhospitals@gmail.com,https://www.sciivf.com/,
Marina Del Rey Hospital - Robotics Center,Hospitals,"Marina Del Rey, CA",(310) 823-8911,onlineinfo@marinahospital.com,https://www.marinahospital.com/robotics,
Smith Animal Hospital - Fort Valley,Veterinary Services,"Fort Valley, GA",N/A,smithanimalhospital@comsouth.net,https://www.smithanimalhospitalga.com/site/contact-animal-hospital-fort-valley,
"Max Super Speciality Hospital, Saket",General Medical and Surgical Hospitals,New Delhi,920-531-0346,int.query@maxhealthcare.com,https://maxhospitalindia.com/hospital/max-super-speciality-hospital-saket-delhi/,
Laguna Hills Animal Hospital,Veterinary Services,"Laguna Woods, CA",N/A,reception@lhah.com,https://www.lhah.com/site/home,https://www.linkedin.com/company/laguna-hills-animal-hospital
Mooresville Animal Hospital,Veterinary Services,"Mooresville, NC",N/A,mooresvilleanimal@gmail.com,https://www.mooresvilleanimalhospital.com/site/home,
River Oak Veterinary Hospital,Veterinary Services,"Riverbank, CA",N/A,riveroak@jps.net,https://www.riveroakvet.com/site/home,
Motherhood Hospital - IVF Center in Ahmedabad,Hospitals,Ahmedabad,990-499-6633,helpdesk@motherhoodhospital.com,https://www.motherhoodhospital.com/ivf-center/,https://www.linkedin.com/in/motherhoodhospital/
Washington Dog and Cat Hospital,Veterinary Services,"Los Angeles, CA",N/A,office@washingtondogandcathospital.com,https://www.washingtondogandcathospital.com/site/home,https://www.linkedin.com/company/washington-dog-and-cat-hospital-inc.
Eva Hospital,Specialty (except Psychiatric and Substance Abuse) Hospitals,Ludhiana,924-490-0001,ivf@evahospital.in,https://evahospital.in,https://www.linkedin.com/company/eva-hospital-official/
Carroll County Animal Hospital,Veterinary Services,"Carrollton, GA",N/A,carrollcountyah@gmail.com,https://www.carrollcountyah.com/site/contact-animal-hospital-oak-mountain-vet,
La Pine Animal Hospital Inc,Veterinary Services,"La Pine, OR",N/A,records@lapinevet.com,https://www.lapinevet.com/site/home,
Stoney Creek Veterinary Hospital,Veterinary Services,"Morton, PA",N/A,clientcare@stoneycreekvh.com,https://www.stoneycreekveterinary.com/site/home,https://www.linkedin.com/company/stoney-creek-veterinary-hosp
Dr Surender Kumar Dabas Oncologist BLK Hospital Delhi,Hospitals,"Glendale, AZ",937-177-0341,N/A,https://www.indiacancersurgerysite.com/dr-surender-kumar-dabas-best-robotic-surgical-oncologist-delhi-india.html,https://www.linkedin.com/in/indiacancersurgerysite/
Dr. Rajesh Sharma Best pediatric cardiothoracic Fortis Hospital Delhi,Pediatric Cardiology,"Braselton, GA",986-075-5000,dr.rajeshsharma@indianmedguru.com,https://www.indianmedguru.com/fortishealthcare-hospital-delhi-mumbai-bangalore-india/doctors/dr-rajesh-sharma.html,https://www.linkedin.com/company/indian-med-guru/
Heritage Hospitals Ltd,Hospitals,Varanasi,0-542-718-1911,info@heritagehospitals.com,https://heritagehospitals.com/,
Presbyterian Hospital,Hospitals,"Albuquerque, NM",(505) 841-1234,marketing_manager@phs.org,https://presbyterian-hospital.phs.org/?utm_source=citation,
Cleveland Emergency Hospital,Hospitals,"Cleveland, TX",N/A,N/A,https://www.emergencyhospitals.care/locations-ehs/emergency-hospital-cleveland-tx/,
